Ch1_PermutationEntropy,Ch2_PermutationEntropy,Ch3_PermutationEntropy,Ch4_PermutationEntropy,Ch5_PermutationEntropy,Ch6_PermutationEntropy,Online_id,Emotion_Label,Video_type
0.7849442705419162,0.7707996680554309,0.8147764663579445,0.809425669858684,0.8099509588176239,0.8157034765700785,S0021,Positive,
0.7849442705419162,0.7707996680554309,0.8147764663579445,0.809425669858684,0.8099509588176239,0.8157034765700785,S0021,Positive,
0.7849442705419162,0.7707996680554309,0.8147764663579445,0.809425669858684,0.8099509588176239,0.8157034765700785,S0021,Positive,
0.7849442705419162,0.7707996680554309,0.8147764663579445,0.809425669858684,0.8099509588176239,0.8157034765700785,S0021,Calm,
0.7713241952521752,0.7473588047060462,0.8083167910854558,0.7944769300487511,0.8029078065517465,0.8047623035602467,S0031,Calm,
0.7713241952521752,0.7473588047060462,0.8083167910854558,0.7944769300487511,0.8029078065517465,0.8047623035602467,S0031,Calm,
0.7713241952521752,0.7473588047060462,0.8083167910854558,0.7944769300487511,0.8029078065517465,0.8047623035602467,S0031,Negative,
0.7713241952521752,0.7473588047060462,0.8083167910854558,0.7944769300487511,0.8029078065517465,0.8047623035602467,S0031,Negative,
0.7713241952521752,0.7473588047060462,0.8083167910854558,0.7944769300487511,0.8029078065517465,0.8047623035602467,S0031,Negative,
0.7713241952521752,0.7473588047060462,0.8083167910854558,0.7944769300487511,0.8029078065517465,0.8047623035602467,S0031,Calm,
0.7713241952521752,0.7473588047060462,0.8083167910854558,0.7944769300487511,0.8029078065517465,0.8047623035602467,S0031,Calm,
0.7713241952521752,0.7473588047060462,0.8083167910854558,0.7944769300487511,0.8029078065517465,0.8047623035602467,S0031,Negative,
0.7713241952521752,0.7473588047060462,0.8083167910854558,0.7944769300487511,0.8029078065517465,0.8047623035602467,S0031,Positive,
0.7809847660804223,0.7731000230877628,0.8018475227851976,0.791780461334699,0.8175912442138499,0.8078206150341152,S0022,Calm,
0.7809847660804223,0.7731000230877628,0.8018475227851976,0.791780461334699,0.8175912442138499,0.8078206150341152,S0022,Positive,
0.7809847660804223,0.7731000230877628,0.8018475227851976,0.791780461334699,0.8175912442138499,0.8078206150341152,S0022,Negative,
0.7809847660804223,0.7731000230877628,0.8018475227851976,0.791780461334699,0.8175912442138499,0.8078206150341152,S0022,Negative,
0.7809847660804223,0.7731000230877628,0.8018475227851976,0.791780461334699,0.8175912442138499,0.8078206150341152,S0022,Calm,
0.7762042054882214,0.7779979551830647,0.7841178095874476,0.7809426721617662,0.7980368597371792,0.7850765515350739,S0041,Positive,
0.7762042054882214,0.7779979551830647,0.7841178095874476,0.7809426721617662,0.7980368597371792,0.7850765515350739,S0041,Calm,
0.7762042054882214,0.7779979551830647,0.7841178095874476,0.7809426721617662,0.7980368597371792,0.7850765515350739,S0041,Positive,
0.7762042054882214,0.7779979551830647,0.7841178095874476,0.7809426721617662,0.7980368597371792,0.7850765515350739,S0041,Negative,
0.7762042054882214,0.7779979551830647,0.7841178095874476,0.7809426721617662,0.7980368597371792,0.7850765515350739,S0041,Calm,
0.7762042054882214,0.7779979551830647,0.7841178095874476,0.7809426721617662,0.7980368597371792,0.7850765515350739,S0041,Negative,
0.7762042054882214,0.7779979551830647,0.7841178095874476,0.7809426721617662,0.7980368597371792,0.7850765515350739,S0041,Negative,
0.7762042054882214,0.7779979551830647,0.7841178095874476,0.7809426721617662,0.7980368597371792,0.7850765515350739,S0041,Calm,
0.7674471005612129,0.7560697152209317,0.8119999305669036,0.8007259405022694,0.8081460115629878,0.8075172992844791,S0032,Positive,
0.7674471005612129,0.7560697152209317,0.8119999305669036,0.8007259405022694,0.8081460115629878,0.8075172992844791,S0032,Calm,
0.7674471005612129,0.7560697152209317,0.8119999305669036,0.8007259405022694,0.8081460115629878,0.8075172992844791,S0032,Positive,
0.7674471005612129,0.7560697152209317,0.8119999305669036,0.8007259405022694,0.8081460115629878,0.8075172992844791,S0032,Positive,
0.7674471005612129,0.7560697152209317,0.8119999305669036,0.8007259405022694,0.8081460115629878,0.8075172992844791,S0032,Calm,
0.7674471005612129,0.7560697152209317,0.8119999305669036,0.8007259405022694,0.8081460115629878,0.8075172992844791,S0032,Positive,
0.7674471005612129,0.7560697152209317,0.8119999305669036,0.8007259405022694,0.8081460115629878,0.8075172992844791,S0032,Calm,
0.7674471005612129,0.7560697152209317,0.8119999305669036,0.8007259405022694,0.8081460115629878,0.8075172992844791,S0032,Positive,
0.7674471005612129,0.7560697152209317,0.8119999305669036,0.8007259405022694,0.8081460115629878,0.8075172992844791,S0032,Positive,
0.778038448401085,0.7680093792406527,0.8242069635217582,0.8163459959353021,0.8167101611644488,0.8118286123756443,S0023,Negative,
0.778038448401085,0.7680093792406527,0.8242069635217582,0.8163459959353021,0.8167101611644488,0.8118286123756443,S0023,Positive,
0.778038448401085,0.7680093792406527,0.8242069635217582,0.8163459959353021,0.8167101611644488,0.8118286123756443,S0023,Calm,
0.778038448401085,0.7680093792406527,0.8242069635217582,0.8163459959353021,0.8167101611644488,0.8118286123756443,S0023,Negative,
0.778038448401085,0.7680093792406527,0.8242069635217582,0.8163459959353021,0.8167101611644488,0.8118286123756443,S0023,Calm,
0.778038448401085,0.7680093792406527,0.8242069635217582,0.8163459959353021,0.8167101611644488,0.8118286123756443,S0023,Negative,
0.7863407602273532,0.7751365952525069,0.8152014105224649,0.812198214920231,0.8169365662193092,0.8095240828832975,S0051,Calm,
0.7863407602273532,0.7751365952525069,0.8152014105224649,0.812198214920231,0.8169365662193092,0.8095240828832975,S0051,Negative,
0.7863407602273532,0.7751365952525069,0.8152014105224649,0.812198214920231,0.8169365662193092,0.8095240828832975,S0051,Calm,
0.7863407602273532,0.7751365952525069,0.8152014105224649,0.812198214920231,0.8169365662193092,0.8095240828832975,S0051,Calm,
0.7863407602273532,0.7751365952525069,0.8152014105224649,0.812198214920231,0.8169365662193092,0.8095240828832975,S0051,Calm,
0.7863407602273532,0.7751365952525069,0.8152014105224649,0.812198214920231,0.8169365662193092,0.8095240828832975,S0051,Positive,
0.7863407602273532,0.7751365952525069,0.8152014105224649,0.812198214920231,0.8169365662193092,0.8095240828832975,S0051,Calm,
0.7863407602273532,0.7751365952525069,0.8152014105224649,0.812198214920231,0.8169365662193092,0.8095240828832975,S0051,Positive,
0.7863407602273532,0.7751365952525069,0.8152014105224649,0.812198214920231,0.8169365662193092,0.8095240828832975,S0051,Calm,
0.7863407602273532,0.7751365952525069,0.8152014105224649,0.812198214920231,0.8169365662193092,0.8095240828832975,S0051,Positive,
0.7662047523462407,0.7648029134130649,0.8057416675455387,0.8053085270003643,0.806200420135227,0.851724931810523,S0033,Calm,
0.7662047523462407,0.7648029134130649,0.8057416675455387,0.8053085270003643,0.806200420135227,0.851724931810523,S0033,Positive,
0.7662047523462407,0.7648029134130649,0.8057416675455387,0.8053085270003643,0.806200420135227,0.851724931810523,S0033,Positive,
0.7662047523462407,0.7648029134130649,0.8057416675455387,0.8053085270003643,0.806200420135227,0.851724931810523,S0033,Negative,
0.7662047523462407,0.7648029134130649,0.8057416675455387,0.8053085270003643,0.806200420135227,0.851724931810523,S0033,Calm,
0.7735242484703092,0.7616988682393809,0.7984505104522438,0.7957287238407245,0.8067291090485912,0.8126508632896603,S0071,Calm,
0.7735242484703092,0.7616988682393809,0.7984505104522438,0.7957287238407245,0.8067291090485912,0.8126508632896603,S0071,Positive,
0.7735242484703092,0.7616988682393809,0.7984505104522438,0.7957287238407245,0.8067291090485912,0.8126508632896603,S0071,Positive,
0.7735242484703092,0.7616988682393809,0.7984505104522438,0.7957287238407245,0.8067291090485912,0.8126508632896603,S0071,Positive,
0.7735242484703092,0.7616988682393809,0.7984505104522438,0.7957287238407245,0.8067291090485912,0.8126508632896603,S0071,Positive,
0.7735242484703092,0.7616988682393809,0.7984505104522438,0.7957287238407245,0.8067291090485912,0.8126508632896603,S0071,Negative,
0.7735242484703092,0.7616988682393809,0.7984505104522438,0.7957287238407245,0.8067291090485912,0.8126508632896603,S0071,Calm,
0.7735242484703092,0.7616988682393809,0.7984505104522438,0.7957287238407245,0.8067291090485912,0.8126508632896603,S0071,Calm,
0.788424663546584,0.7764355526304497,0.8069188205680672,0.804226632193824,0.7993384393329259,0.8144817997017941,S0053,Negative,
0.788424663546584,0.7764355526304497,0.8069188205680672,0.804226632193824,0.7993384393329259,0.8144817997017941,S0053,Calm,
0.788424663546584,0.7764355526304497,0.8069188205680672,0.804226632193824,0.7993384393329259,0.8144817997017941,S0053,Calm,
0.788424663546584,0.7764355526304497,0.8069188205680672,0.804226632193824,0.7993384393329259,0.8144817997017941,S0053,Calm,
0.788424663546584,0.7764355526304497,0.8069188205680672,0.804226632193824,0.7993384393329259,0.8144817997017941,S0053,Positive,
0.788424663546584,0.7764355526304497,0.8069188205680672,0.804226632193824,0.7993384393329259,0.8144817997017941,S0053,Calm,
0.7734057643472705,0.7638198545134756,0.8150626915231355,0.8015018375608444,0.8041335519355913,0.8050121549463948,S0072,Negative,
0.7734057643472705,0.7638198545134756,0.8150626915231355,0.8015018375608444,0.8041335519355913,0.8050121549463948,S0072,Calm,
0.7734057643472705,0.7638198545134756,0.8150626915231355,0.8015018375608444,0.8041335519355913,0.8050121549463948,S0072,Negative,
0.7734057643472705,0.7638198545134756,0.8150626915231355,0.8015018375608444,0.8041335519355913,0.8050121549463948,S0072,Negative,
0.7734057643472705,0.7638198545134756,0.8150626915231355,0.8015018375608444,0.8041335519355913,0.8050121549463948,S0072,Positive,
0.7734057643472705,0.7638198545134756,0.8150626915231355,0.8015018375608444,0.8041335519355913,0.8050121549463948,S0072,Positive,
0.7734057643472705,0.7638198545134756,0.8150626915231355,0.8015018375608444,0.8041335519355913,0.8050121549463948,S0072,Positive,
0.7811073080813083,0.7950453306361451,0.7941612843149776,0.8065339742544185,0.8111729819151707,0.789105973120029,S0043,Calm,
0.7811073080813083,0.7950453306361451,0.7941612843149776,0.8065339742544185,0.8111729819151707,0.789105973120029,S0043,Calm,
0.7811073080813083,0.7950453306361451,0.7941612843149776,0.8065339742544185,0.8111729819151707,0.789105973120029,S0043,Positive,
0.7811073080813083,0.7950453306361451,0.7941612843149776,0.8065339742544185,0.8111729819151707,0.789105973120029,S0043,Negative,
0.7811073080813083,0.7950453306361451,0.7941612843149776,0.8065339742544185,0.8111729819151707,0.789105973120029,S0043,Calm,
0.8074223063939054,0.790171049534193,0.8321886490153797,0.825504970163347,0.8263379632693568,0.8245921832345076,S0151,Positive,Negative
0.8074223063939054,0.790171049534193,0.8321886490153797,0.825504970163347,0.8263379632693568,0.8245921832345076,S0151,Calm,Negative
0.8074223063939054,0.790171049534193,0.8321886490153797,0.825504970163347,0.8263379632693568,0.8245921832345076,S0151,Calm,Negative
0.8074223063939054,0.790171049534193,0.8321886490153797,0.825504970163347,0.8263379632693568,0.8245921832345076,S0151,Positive,Negative
0.8074223063939054,0.790171049534193,0.8321886490153797,0.825504970163347,0.8263379632693568,0.8245921832345076,S0151,Calm,Negative
0.8074223063939054,0.790171049534193,0.8321886490153797,0.825504970163347,0.8263379632693568,0.8245921832345076,S0151,Calm,Negative
0.8074223063939054,0.790171049534193,0.8321886490153797,0.825504970163347,0.8263379632693568,0.8245921832345076,S0151,Calm,Negative
0.8074223063939054,0.790171049534193,0.8321886490153797,0.825504970163347,0.8263379632693568,0.8245921832345076,S0151,Negative,Negative
0.8094206538630039,0.7717068634762658,0.8164902977720095,0.7935103964305451,0.8019109469923887,0.8054630580406316,S0161,Positive,Neutral
0.8094206538630039,0.7717068634762658,0.8164902977720095,0.7935103964305451,0.8019109469923887,0.8054630580406316,S0161,Calm,Neutral
0.8094206538630039,0.7717068634762658,0.8164902977720095,0.7935103964305451,0.8019109469923887,0.8054630580406316,S0161,Calm,Neutral
0.7899294429247492,0.787754703424903,0.813394274896625,0.8080667506231966,0.8093965432082589,0.8103530383436329,S0171,Calm,Neutral
0.7899294429247492,0.787754703424903,0.813394274896625,0.8080667506231966,0.8093965432082589,0.8103530383436329,S0171,Negative,Neutral
0.7899294429247492,0.787754703424903,0.813394274896625,0.8080667506231966,0.8093965432082589,0.8103530383436329,S0171,Calm,Neutral
0.7899294429247492,0.787754703424903,0.813394274896625,0.8080667506231966,0.8093965432082589,0.8103530383436329,S0171,Calm,Neutral
0.7899294429247492,0.787754703424903,0.813394274896625,0.8080667506231966,0.8093965432082589,0.8103530383436329,S0171,Calm,Neutral
0.7899294429247492,0.787754703424903,0.813394274896625,0.8080667506231966,0.8093965432082589,0.8103530383436329,S0171,Calm,Neutral
0.7899294429247492,0.787754703424903,0.813394274896625,0.8080667506231966,0.8093965432082589,0.8103530383436329,S0171,Calm,Neutral
0.7899294429247492,0.787754703424903,0.813394274896625,0.8080667506231966,0.8093965432082589,0.8103530383436329,S0171,Calm,Neutral
0.7940857552852593,0.7963535971959036,0.8205080543012534,0.8161309041522733,0.8235805350636295,0.8104453871768805,S0211,Positive,Negative
0.7940857552852593,0.7963535971959036,0.8205080543012534,0.8161309041522733,0.8235805350636295,0.8104453871768805,S0211,Positive,Neutral
0.7940857552852593,0.7963535971959036,0.8205080543012534,0.8161309041522733,0.8235805350636295,0.8104453871768805,S0211,Positive,Negative
0.7940857552852593,0.7963535971959036,0.8205080543012534,0.8161309041522733,0.8235805350636295,0.8104453871768805,S0211,Positive,Neutral
0.7940857552852593,0.7963535971959036,0.8205080543012534,0.8161309041522733,0.8235805350636295,0.8104453871768805,S0211,Calm,Negative
0.7940857552852593,0.7963535971959036,0.8205080543012534,0.8161309041522733,0.8235805350636295,0.8104453871768805,S0211,Calm,Neutral
0.7940857552852593,0.7963535971959036,0.8205080543012534,0.8161309041522733,0.8235805350636295,0.8104453871768805,S0211,Positive,Negative
0.7940857552852593,0.7963535971959036,0.8205080543012534,0.8161309041522733,0.8235805350636295,0.8104453871768805,S0211,Positive,Neutral
0.7940857552852593,0.7963535971959036,0.8205080543012534,0.8161309041522733,0.8235805350636295,0.8104453871768805,S0211,Calm,Negative
0.7940857552852593,0.7963535971959036,0.8205080543012534,0.8161309041522733,0.8235805350636295,0.8104453871768805,S0211,Calm,Neutral
0.7940857552852593,0.7963535971959036,0.8205080543012534,0.8161309041522733,0.8235805350636295,0.8104453871768805,S0211,Positive,Negative
0.7940857552852593,0.7963535971959036,0.8205080543012534,0.8161309041522733,0.8235805350636295,0.8104453871768805,S0211,Positive,Neutral
0.7940857552852593,0.7963535971959036,0.8205080543012534,0.8161309041522733,0.8235805350636295,0.8104453871768805,S0211,Negative,Negative
0.7940857552852593,0.7963535971959036,0.8205080543012534,0.8161309041522733,0.8235805350636295,0.8104453871768805,S0211,Negative,Neutral
0.7940857552852593,0.7963535971959036,0.8205080543012534,0.8161309041522733,0.8235805350636295,0.8104453871768805,S0211,Calm,Negative
0.7940857552852593,0.7963535971959036,0.8205080543012534,0.8161309041522733,0.8235805350636295,0.8104453871768805,S0211,Calm,Neutral
0.7940857552852593,0.7963535971959036,0.8205080543012534,0.8161309041522733,0.8235805350636295,0.8104453871768805,S0211,Calm,Negative
0.7940857552852593,0.7963535971959036,0.8205080543012534,0.8161309041522733,0.8235805350636295,0.8104453871768805,S0211,Calm,Neutral
0.7940857552852593,0.7963535971959036,0.8205080543012534,0.8161309041522733,0.8235805350636295,0.8104453871768805,S0211,Positive,Negative
0.7940857552852593,0.7963535971959036,0.8205080543012534,0.8161309041522733,0.8235805350636295,0.8104453871768805,S0211,Positive,Neutral
0.7940857552852593,0.7963535971959036,0.8205080543012534,0.8161309041522733,0.8235805350636295,0.8104453871768805,S0211,Positive,Negative
0.7940857552852593,0.7963535971959036,0.8205080543012534,0.8161309041522733,0.8235805350636295,0.8104453871768805,S0211,Positive,Neutral
0.8133010725350422,0.8030610412329842,0.8319787566958982,0.8164041465692714,0.8387455126823609,0.8369864537812912,S0153,Negative,Positive
0.8133010725350422,0.8030610412329842,0.8319787566958982,0.8164041465692714,0.8387455126823609,0.8369864537812912,S0153,Calm,Positive
0.8133010725350422,0.8030610412329842,0.8319787566958982,0.8164041465692714,0.8387455126823609,0.8369864537812912,S0153,Positive,Positive
0.8133010725350422,0.8030610412329842,0.8319787566958982,0.8164041465692714,0.8387455126823609,0.8369864537812912,S0153,Positive,Positive
0.8133010725350422,0.8030610412329842,0.8319787566958982,0.8164041465692714,0.8387455126823609,0.8369864537812912,S0153,Positive,Positive
0.8133010725350422,0.8030610412329842,0.8319787566958982,0.8164041465692714,0.8387455126823609,0.8369864537812912,S0153,Positive,Positive
0.8133010725350422,0.8030610412329842,0.8319787566958982,0.8164041465692714,0.8387455126823609,0.8369864537812912,S0153,Calm,Positive
0.8133010725350422,0.8030610412329842,0.8319787566958982,0.8164041465692714,0.8387455126823609,0.8369864537812912,S0153,Positive,Positive
0.8133010725350422,0.8030610412329842,0.8319787566958982,0.8164041465692714,0.8387455126823609,0.8369864537812912,S0153,Positive,Positive
0.8133010725350422,0.8030610412329842,0.8319787566958982,0.8164041465692714,0.8387455126823609,0.8369864537812912,S0153,Positive,Positive
0.8133010725350422,0.8030610412329842,0.8319787566958982,0.8164041465692714,0.8387455126823609,0.8369864537812912,S0153,Calm,Positive
0.7874390244971491,0.7809304077442449,0.8178062415843995,0.8092116298420089,0.8161075656315576,0.8126781337941168,S0162,Positive,Positive
0.7874390244971491,0.7809304077442449,0.8178062415843995,0.8092116298420089,0.8161075656315576,0.8126781337941168,S0162,Calm,Positive
0.7874390244971491,0.7809304077442449,0.8178062415843995,0.8092116298420089,0.8161075656315576,0.8126781337941168,S0162,Calm,Positive
0.7874390244971491,0.7809304077442449,0.8178062415843995,0.8092116298420089,0.8161075656315576,0.8126781337941168,S0162,Calm,Positive
0.7874390244971491,0.7809304077442449,0.8178062415843995,0.8092116298420089,0.8161075656315576,0.8126781337941168,S0162,Calm,Positive
0.7874390244971491,0.7809304077442449,0.8178062415843995,0.8092116298420089,0.8161075656315576,0.8126781337941168,S0162,Calm,Positive
0.7874390244971491,0.7809304077442449,0.8178062415843995,0.8092116298420089,0.8161075656315576,0.8126781337941168,S0162,Calm,Positive
0.7874390244971491,0.7809304077442449,0.8178062415843995,0.8092116298420089,0.8161075656315576,0.8126781337941168,S0162,Calm,Positive
0.7806362022565084,0.778360479279038,0.815021036415881,0.8146860507954725,0.8131404469888432,0.8125252273685551,S0231,Calm,Neutral
0.7806362022565084,0.778360479279038,0.815021036415881,0.8146860507954725,0.8131404469888432,0.8125252273685551,S0231,Negative,Neutral
0.7806362022565084,0.778360479279038,0.815021036415881,0.8146860507954725,0.8131404469888432,0.8125252273685551,S0231,Calm,Neutral
0.7806362022565084,0.778360479279038,0.815021036415881,0.8146860507954725,0.8131404469888432,0.8125252273685551,S0231,Calm,Neutral
0.7806362022565084,0.778360479279038,0.815021036415881,0.8146860507954725,0.8131404469888432,0.8125252273685551,S0231,Positive,Neutral
0.7806362022565084,0.778360479279038,0.815021036415881,0.8146860507954725,0.8131404469888432,0.8125252273685551,S0231,Positive,Neutral
0.7806362022565084,0.778360479279038,0.815021036415881,0.8146860507954725,0.8131404469888432,0.8125252273685551,S0231,Positive,Neutral
0.7806362022565084,0.778360479279038,0.815021036415881,0.8146860507954725,0.8131404469888432,0.8125252273685551,S0231,Positive,Neutral
0.7806362022565084,0.778360479279038,0.815021036415881,0.8146860507954725,0.8131404469888432,0.8125252273685551,S0231,Calm,Neutral
0.7806362022565084,0.778360479279038,0.815021036415881,0.8146860507954725,0.8131404469888432,0.8125252273685551,S0231,Calm,Neutral
0.7729328147064436,0.7633065417004412,0.791292286391928,0.7937077109508156,0.7960483116775986,0.7944483586944073,S0163,Calm,Negative
0.7729328147064436,0.7633065417004412,0.791292286391928,0.7937077109508156,0.7960483116775986,0.7944483586944073,S0163,Calm,Negative
0.7729328147064436,0.7633065417004412,0.791292286391928,0.7937077109508156,0.7960483116775986,0.7944483586944073,S0163,Calm,Negative
0.7729328147064436,0.7633065417004412,0.791292286391928,0.7937077109508156,0.7960483116775986,0.7944483586944073,S0163,Calm,Negative
0.7729328147064436,0.7633065417004412,0.791292286391928,0.7937077109508156,0.7960483116775986,0.7944483586944073,S0163,Calm,Negative
0.7729328147064436,0.7633065417004412,0.791292286391928,0.7937077109508156,0.7960483116775986,0.7944483586944073,S0163,Calm,Negative
0.7729328147064436,0.7633065417004412,0.791292286391928,0.7937077109508156,0.7960483116775986,0.7944483586944073,S0163,Calm,Negative
0.7729328147064436,0.7633065417004412,0.791292286391928,0.7937077109508156,0.7960483116775986,0.7944483586944073,S0163,Calm,Negative
0.7729328147064436,0.7633065417004412,0.791292286391928,0.7937077109508156,0.7960483116775986,0.7944483586944073,S0163,Calm,Negative
0.7729328147064436,0.7633065417004412,0.791292286391928,0.7937077109508156,0.7960483116775986,0.7944483586944073,S0163,Calm,Negative
0.7729328147064436,0.7633065417004412,0.791292286391928,0.7937077109508156,0.7960483116775986,0.7944483586944073,S0163,Calm,Negative
0.7729328147064436,0.7633065417004412,0.791292286391928,0.7937077109508156,0.7960483116775986,0.7944483586944073,S0163,Calm,Negative
0.7729328147064436,0.7633065417004412,0.791292286391928,0.7937077109508156,0.7960483116775986,0.7944483586944073,S0163,Calm,Negative
0.7729328147064436,0.7633065417004412,0.791292286391928,0.7937077109508156,0.7960483116775986,0.7944483586944073,S0163,Calm,Negative
0.8066632058436835,0.7981294996428565,0.8337067893004203,0.8259737178281286,0.8268996342975857,0.826055733004169,S0241,Calm,
0.8066632058436835,0.7981294996428565,0.8337067893004203,0.8259737178281286,0.8268996342975857,0.826055733004169,S0241,Calm,
0.8066632058436835,0.7981294996428565,0.8337067893004203,0.8259737178281286,0.8268996342975857,0.826055733004169,S0241,Calm,
0.8066632058436835,0.7981294996428565,0.8337067893004203,0.8259737178281286,0.8268996342975857,0.826055733004169,S0241,Positive,
0.8066632058436835,0.7981294996428565,0.8337067893004203,0.8259737178281286,0.8268996342975857,0.826055733004169,S0241,Calm,
0.8066632058436835,0.7981294996428565,0.8337067893004203,0.8259737178281286,0.8268996342975857,0.826055733004169,S0241,Calm,
0.7884832391010653,0.785359321980995,0.818204244004146,0.8154306357954751,0.8182142056171575,0.8105549392701563,S0212,Positive,Neutral
0.7884832391010653,0.785359321980995,0.818204244004146,0.8154306357954751,0.8182142056171575,0.8105549392701563,S0212,Positive,Negative
0.7884832391010653,0.785359321980995,0.818204244004146,0.8154306357954751,0.8182142056171575,0.8105549392701563,S0212,Calm,Neutral
0.7884832391010653,0.785359321980995,0.818204244004146,0.8154306357954751,0.8182142056171575,0.8105549392701563,S0212,Calm,Negative
0.7884832391010653,0.785359321980995,0.818204244004146,0.8154306357954751,0.8182142056171575,0.8105549392701563,S0212,Calm,Neutral
0.7884832391010653,0.785359321980995,0.818204244004146,0.8154306357954751,0.8182142056171575,0.8105549392701563,S0212,Calm,Negative
0.7884832391010653,0.785359321980995,0.818204244004146,0.8154306357954751,0.8182142056171575,0.8105549392701563,S0212,Calm,Neutral
0.7884832391010653,0.785359321980995,0.818204244004146,0.8154306357954751,0.8182142056171575,0.8105549392701563,S0212,Calm,Negative
0.7884832391010653,0.785359321980995,0.818204244004146,0.8154306357954751,0.8182142056171575,0.8105549392701563,S0212,Positive,Neutral
0.7884832391010653,0.785359321980995,0.818204244004146,0.8154306357954751,0.8182142056171575,0.8105549392701563,S0212,Positive,Negative
0.7884832391010653,0.785359321980995,0.818204244004146,0.8154306357954751,0.8182142056171575,0.8105549392701563,S0212,Positive,Neutral
0.7884832391010653,0.785359321980995,0.818204244004146,0.8154306357954751,0.8182142056171575,0.8105549392701563,S0212,Positive,Negative
0.7884832391010653,0.785359321980995,0.818204244004146,0.8154306357954751,0.8182142056171575,0.8105549392701563,S0212,Calm,Neutral
0.7884832391010653,0.785359321980995,0.818204244004146,0.8154306357954751,0.8182142056171575,0.8105549392701563,S0212,Calm,Negative
0.7884832391010653,0.785359321980995,0.818204244004146,0.8154306357954751,0.8182142056171575,0.8105549392701563,S0212,Positive,Neutral
0.7884832391010653,0.785359321980995,0.818204244004146,0.8154306357954751,0.8182142056171575,0.8105549392701563,S0212,Positive,Negative
0.7884832391010653,0.785359321980995,0.818204244004146,0.8154306357954751,0.8182142056171575,0.8105549392701563,S0212,Positive,Neutral
0.7884832391010653,0.785359321980995,0.818204244004146,0.8154306357954751,0.8182142056171575,0.8105549392701563,S0212,Positive,Negative
0.7884832391010653,0.785359321980995,0.818204244004146,0.8154306357954751,0.8182142056171575,0.8105549392701563,S0212,Calm,Neutral
0.7884832391010653,0.785359321980995,0.818204244004146,0.8154306357954751,0.8182142056171575,0.8105549392701563,S0212,Calm,Negative
0.7884832391010653,0.785359321980995,0.818204244004146,0.8154306357954751,0.8182142056171575,0.8105549392701563,S0212,Calm,Neutral
0.7884832391010653,0.785359321980995,0.818204244004146,0.8154306357954751,0.8182142056171575,0.8105549392701563,S0212,Calm,Negative
0.7884832391010653,0.785359321980995,0.818204244004146,0.8154306357954751,0.8182142056171575,0.8105549392701563,S0212,Positive,Neutral
0.7884832391010653,0.785359321980995,0.818204244004146,0.8154306357954751,0.8182142056171575,0.8105549392701563,S0212,Positive,Negative
0.7884832391010653,0.785359321980995,0.818204244004146,0.8154306357954751,0.8182142056171575,0.8105549392701563,S0212,Positive,Neutral
0.7884832391010653,0.785359321980995,0.818204244004146,0.8154306357954751,0.8182142056171575,0.8105549392701563,S0212,Positive,Negative
0.7847621552749255,0.7805371471405291,0.8193903464080718,0.817798330219845,0.8222528159269805,0.8226982738898968,S0213,Calm,Positive
0.7847621552749255,0.7805371471405291,0.8193903464080718,0.817798330219845,0.8222528159269805,0.8226982738898968,S0213,Positive,Positive
0.7847621552749255,0.7805371471405291,0.8193903464080718,0.817798330219845,0.8222528159269805,0.8226982738898968,S0213,Positive,Positive
0.7847621552749255,0.7805371471405291,0.8193903464080718,0.817798330219845,0.8222528159269805,0.8226982738898968,S0213,Positive,Positive
0.7847621552749255,0.7805371471405291,0.8193903464080718,0.817798330219845,0.8222528159269805,0.8226982738898968,S0213,Calm,Positive
0.7847621552749255,0.7805371471405291,0.8193903464080718,0.817798330219845,0.8222528159269805,0.8226982738898968,S0213,Calm,Positive
0.7847621552749255,0.7805371471405291,0.8193903464080718,0.817798330219845,0.8222528159269805,0.8226982738898968,S0213,Negative,Positive
0.7908728730182671,0.786766280897015,0.8092529563043648,0.8050037584419987,0.8139986049507428,0.8022528306335779,S0172,Negative,Negative
0.7908728730182671,0.786766280897015,0.8092529563043648,0.8050037584419987,0.8139986049507428,0.8022528306335779,S0172,Calm,Negative
0.7908728730182671,0.786766280897015,0.8092529563043648,0.8050037584419987,0.8139986049507428,0.8022528306335779,S0172,Calm,Negative
0.7908728730182671,0.786766280897015,0.8092529563043648,0.8050037584419987,0.8139986049507428,0.8022528306335779,S0172,Calm,Negative
0.7908728730182671,0.786766280897015,0.8092529563043648,0.8050037584419987,0.8139986049507428,0.8022528306335779,S0172,Positive,Negative
0.7908728730182671,0.786766280897015,0.8092529563043648,0.8050037584419987,0.8139986049507428,0.8022528306335779,S0172,Negative,Negative
0.7908728730182671,0.786766280897015,0.8092529563043648,0.8050037584419987,0.8139986049507428,0.8022528306335779,S0172,Calm,Negative
0.7667815802300635,0.7555016937837187,0.793679249937065,0.7969891369844122,0.7986707032382453,0.7995658234781875,S0222,Calm,Neutral
0.7667815802300635,0.7555016937837187,0.793679249937065,0.7969891369844122,0.7986707032382453,0.7995658234781875,S0222,,Neutral
0.7667815802300635,0.7555016937837187,0.793679249937065,0.7969891369844122,0.7986707032382453,0.7995658234781875,S0222,Calm,Neutral
0.7667815802300635,0.7555016937837187,0.793679249937065,0.7969891369844122,0.7986707032382453,0.7995658234781875,S0222,Calm,Neutral
0.7994733754278592,0.7970495426794594,0.827859394370693,0.8259217981926721,0.8317262271391912,0.8282492113347605,S0251,Calm,Positive
0.7994733754278592,0.7970495426794594,0.827859394370693,0.8259217981926721,0.8317262271391912,0.8282492113347605,S0251,Positive,Positive
0.7994733754278592,0.7970495426794594,0.827859394370693,0.8259217981926721,0.8317262271391912,0.8282492113347605,S0251,Positive,Positive
0.7994733754278592,0.7970495426794594,0.827859394370693,0.8259217981926721,0.8317262271391912,0.8282492113347605,S0251,Positive,Positive
0.7902298822189595,0.7855602480710939,0.8092310265266469,0.8105061188776312,0.8154824597762232,0.8129768437993625,S0173,Calm,Positive
0.7902298822189595,0.7855602480710939,0.8092310265266469,0.8105061188776312,0.8154824597762232,0.8129768437993625,S0173,Calm,Negative
0.7902298822189595,0.7855602480710939,0.8092310265266469,0.8105061188776312,0.8154824597762232,0.8129768437993625,S0173,Calm,Positive
0.7902298822189595,0.7855602480710939,0.8092310265266469,0.8105061188776312,0.8154824597762232,0.8129768437993625,S0173,Calm,Negative
0.7902298822189595,0.7855602480710939,0.8092310265266469,0.8105061188776312,0.8154824597762232,0.8129768437993625,S0173,Calm,Positive
0.7902298822189595,0.7855602480710939,0.8092310265266469,0.8105061188776312,0.8154824597762232,0.8129768437993625,S0173,Calm,Negative
0.7902298822189595,0.7855602480710939,0.8092310265266469,0.8105061188776312,0.8154824597762232,0.8129768437993625,S0173,,Positive
0.7902298822189595,0.7855602480710939,0.8092310265266469,0.8105061188776312,0.8154824597762232,0.8129768437993625,S0173,,Negative
0.7902298822189595,0.7855602480710939,0.8092310265266469,0.8105061188776312,0.8154824597762232,0.8129768437993625,S0173,Calm,Positive
0.7902298822189595,0.7855602480710939,0.8092310265266469,0.8105061188776312,0.8154824597762232,0.8129768437993625,S0173,Calm,Negative
0.7873779664649976,0.7756140904853107,0.8274003689950842,0.8227524238039657,0.8254042554874222,0.8223186672021692,S0232,Calm,Positive
0.7873779664649976,0.7756140904853107,0.8274003689950842,0.8227524238039657,0.8254042554874222,0.8223186672021692,S0232,Positive,Positive
0.7873779664649976,0.7756140904853107,0.8274003689950842,0.8227524238039657,0.8254042554874222,0.8223186672021692,S0232,Positive,Positive
0.7873779664649976,0.7756140904853107,0.8274003689950842,0.8227524238039657,0.8254042554874222,0.8223186672021692,S0232,Positive,Positive
0.7873779664649976,0.7756140904853107,0.8274003689950842,0.8227524238039657,0.8254042554874222,0.8223186672021692,S0232,Negative,Positive
0.7789976493100716,0.774658392150526,0.7996233450127578,0.8162253797783486,0.8281706894231055,0.825397585059239,S0203,Calm,
0.7789976493100716,0.774658392150526,0.7996233450127578,0.8162253797783486,0.8281706894231055,0.825397585059239,S0203,Negative,
0.7789976493100716,0.774658392150526,0.7996233450127578,0.8162253797783486,0.8281706894231055,0.825397585059239,S0203,Calm,
0.7789976493100716,0.774658392150526,0.7996233450127578,0.8162253797783486,0.8281706894231055,0.825397585059239,S0203,Calm,
0.7789976493100716,0.774658392150526,0.7996233450127578,0.8162253797783486,0.8281706894231055,0.825397585059239,S0203,Calm,
0.7789976493100716,0.774658392150526,0.7996233450127578,0.8162253797783486,0.8281706894231055,0.825397585059239,S0203,Calm,
0.784908042542876,0.7809411249149588,0.8140772467375379,0.8126249028523972,0.8093546318677609,0.8141753949346848,S0242,Calm,
0.784908042542876,0.7809411249149588,0.8140772467375379,0.8126249028523972,0.8093546318677609,0.8141753949346848,S0242,Positive,
0.784908042542876,0.7809411249149588,0.8140772467375379,0.8126249028523972,0.8093546318677609,0.8141753949346848,S0242,Calm,
0.784908042542876,0.7809411249149588,0.8140772467375379,0.8126249028523972,0.8093546318677609,0.8141753949346848,S0242,Negative,
0.784908042542876,0.7809411249149588,0.8140772467375379,0.8126249028523972,0.8093546318677609,0.8141753949346848,S0242,Negative,
0.784908042542876,0.7809411249149588,0.8140772467375379,0.8126249028523972,0.8093546318677609,0.8141753949346848,S0242,Negative,
0.784908042542876,0.7809411249149588,0.8140772467375379,0.8126249028523972,0.8093546318677609,0.8141753949346848,S0242,Calm,
0.7829073095453721,0.7879205446436052,0.819127923245634,0.8229339934605936,0.8183751082958337,0.8205466729449856,S0243,Calm,Positive
0.7829073095453721,0.7879205446436052,0.819127923245634,0.8229339934605936,0.8183751082958337,0.8205466729449856,S0243,Negative,Positive
0.7829073095453721,0.7879205446436052,0.819127923245634,0.8229339934605936,0.8183751082958337,0.8205466729449856,S0243,Negative,Positive
0.7829073095453721,0.7879205446436052,0.819127923245634,0.8229339934605936,0.8183751082958337,0.8205466729449856,S0243,Positive,Positive
0.7928625792266106,0.788879936242339,0.811527016235287,0.8164145394676584,0.8155285551650924,0.816895558566077,S0271,Calm,Neutral
0.7928625792266106,0.788879936242339,0.811527016235287,0.8164145394676584,0.8155285551650924,0.816895558566077,S0271,Positive,Neutral
0.7928625792266106,0.788879936242339,0.811527016235287,0.8164145394676584,0.8155285551650924,0.816895558566077,S0271,Calm,Neutral
0.7928625792266106,0.788879936242339,0.811527016235287,0.8164145394676584,0.8155285551650924,0.816895558566077,S0271,Calm,Neutral
0.7928625792266106,0.788879936242339,0.811527016235287,0.8164145394676584,0.8155285551650924,0.816895558566077,S0271,Positive,Neutral
0.7928625792266106,0.788879936242339,0.811527016235287,0.8164145394676584,0.8155285551650924,0.816895558566077,S0271,Negative,Neutral
0.7928625792266106,0.788879936242339,0.811527016235287,0.8164145394676584,0.8155285551650924,0.816895558566077,S0271,Calm,Neutral
0.7928625792266106,0.788879936242339,0.811527016235287,0.8164145394676584,0.8155285551650924,0.816895558566077,S0271,Calm,Neutral
0.7973375827218934,0.7948848866395775,0.8182982134767859,0.8208414300577193,0.8232703770466298,0.8153539839082206,S0281,Positive,Positive
0.7973375827218934,0.7948848866395775,0.8182982134767859,0.8208414300577193,0.8232703770466298,0.8153539839082206,S0281,Calm,Positive
0.7973375827218934,0.7948848866395775,0.8182982134767859,0.8208414300577193,0.8232703770466298,0.8153539839082206,S0281,Calm,Positive
0.7973375827218934,0.7948848866395775,0.8182982134767859,0.8208414300577193,0.8232703770466298,0.8153539839082206,S0281,Positive,Positive
0.7973375827218934,0.7948848866395775,0.8182982134767859,0.8208414300577193,0.8232703770466298,0.8153539839082206,S0281,Negative,Positive
0.7973375827218934,0.7948848866395775,0.8182982134767859,0.8208414300577193,0.8232703770466298,0.8153539839082206,S0281,Positive,Positive
0.7973375827218934,0.7948848866395775,0.8182982134767859,0.8208414300577193,0.8232703770466298,0.8153539839082206,S0281,Calm,Positive
0.7973375827218934,0.7948848866395775,0.8182982134767859,0.8208414300577193,0.8232703770466298,0.8153539839082206,S0281,Calm,Positive
0.7973375827218934,0.7948848866395775,0.8182982134767859,0.8208414300577193,0.8232703770466298,0.8153539839082206,S0281,Positive,Positive
0.7973375827218934,0.7948848866395775,0.8182982134767859,0.8208414300577193,0.8232703770466298,0.8153539839082206,S0281,Negative,Positive
0.7973375827218934,0.7948848866395775,0.8182982134767859,0.8208414300577193,0.8232703770466298,0.8153539839082206,S0281,Negative,Positive
0.7973375827218934,0.7948848866395775,0.8182982134767859,0.8208414300577193,0.8232703770466298,0.8153539839082206,S0281,Negative,Positive
0.7998763493437954,0.7962387375967129,0.8216243068131759,0.824399555638484,0.8263396307601935,0.8275433558254823,S0291,Positive,Positive
0.7998763493437954,0.7962387375967129,0.8216243068131759,0.824399555638484,0.8263396307601935,0.8275433558254823,S0291,Positive,Positive
0.7998763493437954,0.7962387375967129,0.8216243068131759,0.824399555638484,0.8263396307601935,0.8275433558254823,S0291,Positive,Positive
0.7998763493437954,0.7962387375967129,0.8216243068131759,0.824399555638484,0.8263396307601935,0.8275433558254823,S0291,Calm,Positive
0.7998763493437954,0.7962387375967129,0.8216243068131759,0.824399555638484,0.8263396307601935,0.8275433558254823,S0291,Negative,Positive
0.7998763493437954,0.7962387375967129,0.8216243068131759,0.824399555638484,0.8263396307601935,0.8275433558254823,S0291,Positive,Positive
0.7998763493437954,0.7962387375967129,0.8216243068131759,0.824399555638484,0.8263396307601935,0.8275433558254823,S0291,Negative,Positive
0.7998763493437954,0.7962387375967129,0.8216243068131759,0.824399555638484,0.8263396307601935,0.8275433558254823,S0291,,Positive
0.7998763493437954,0.7962387375967129,0.8216243068131759,0.824399555638484,0.8263396307601935,0.8275433558254823,S0291,Positive,Positive
0.7998763493437954,0.7962387375967129,0.8216243068131759,0.824399555638484,0.8263396307601935,0.8275433558254823,S0291,Calm,Positive
0.7767389803496447,0.7699984184102989,0.7983129168199644,0.7883788398962916,0.8022325552849439,0.8013413361680775,S0282,Calm,Neutral
0.7767389803496447,0.7699984184102989,0.7983129168199644,0.7883788398962916,0.8022325552849439,0.8013413361680775,S0282,Calm,Neutral
0.7767389803496447,0.7699984184102989,0.7983129168199644,0.7883788398962916,0.8022325552849439,0.8013413361680775,S0282,Negative,Neutral
0.7767389803496447,0.7699984184102989,0.7983129168199644,0.7883788398962916,0.8022325552849439,0.8013413361680775,S0282,Positive,Neutral
0.7767389803496447,0.7699984184102989,0.7983129168199644,0.7883788398962916,0.8022325552849439,0.8013413361680775,S0282,Positive,Neutral
0.7767389803496447,0.7699984184102989,0.7983129168199644,0.7883788398962916,0.8022325552849439,0.8013413361680775,S0282,Calm,Neutral
0.7767389803496447,0.7699984184102989,0.7983129168199644,0.7883788398962916,0.8022325552849439,0.8013413361680775,S0282,Calm,Neutral
0.7767389803496447,0.7699984184102989,0.7983129168199644,0.7883788398962916,0.8022325552849439,0.8013413361680775,S0282,Calm,Neutral
0.7767389803496447,0.7699984184102989,0.7983129168199644,0.7883788398962916,0.8022325552849439,0.8013413361680775,S0282,Calm,Neutral
0.7767389803496447,0.7699984184102989,0.7983129168199644,0.7883788398962916,0.8022325552849439,0.8013413361680775,S0282,Calm,Neutral
0.79954377776004,0.8028522735685512,0.8254513613724241,0.8291561871553851,0.8309545169984996,0.8344017955232208,S0301,Positive,Negative
0.79954377776004,0.8028522735685512,0.8254513613724241,0.8291561871553851,0.8309545169984996,0.8344017955232208,S0301,Calm,Negative
0.79954377776004,0.8028522735685512,0.8254513613724241,0.8291561871553851,0.8309545169984996,0.8344017955232208,S0301,Calm,Negative
0.79954377776004,0.8028522735685512,0.8254513613724241,0.8291561871553851,0.8309545169984996,0.8344017955232208,S0301,Positive,Negative
0.79954377776004,0.8028522735685512,0.8254513613724241,0.8291561871553851,0.8309545169984996,0.8344017955232208,S0301,Calm,Negative
0.79954377776004,0.8028522735685512,0.8254513613724241,0.8291561871553851,0.8309545169984996,0.8344017955232208,S0301,Calm,Negative
0.7677775550801689,0.7751617142813619,0.8059423350111155,0.8104630993449831,0.8075381714418676,0.8115963818093137,S0283,Calm,Negative
0.7677775550801689,0.7751617142813619,0.8059423350111155,0.8104630993449831,0.8075381714418676,0.8115963818093137,S0283,Negative,Negative
0.7677775550801689,0.7751617142813619,0.8059423350111155,0.8104630993449831,0.8075381714418676,0.8115963818093137,S0283,Negative,Negative
0.7677775550801689,0.7751617142813619,0.8059423350111155,0.8104630993449831,0.8075381714418676,0.8115963818093137,S0283,Positive,Negative
0.7677775550801689,0.7751617142813619,0.8059423350111155,0.8104630993449831,0.8075381714418676,0.8115963818093137,S0283,Negative,Negative
0.7677775550801689,0.7751617142813619,0.8059423350111155,0.8104630993449831,0.8075381714418676,0.8115963818093137,S0283,Calm,Negative
0.7677775550801689,0.7751617142813619,0.8059423350111155,0.8104630993449831,0.8075381714418676,0.8115963818093137,S0283,Calm,Negative
0.7677775550801689,0.7751617142813619,0.8059423350111155,0.8104630993449831,0.8075381714418676,0.8115963818093137,S0283,Negative,Negative
0.8009884816663307,0.7977615389726398,0.8236155568177815,0.821290321998758,0.8246101354579223,0.8247407992785313,S0302,Calm,Positive
0.8009884816663307,0.7977615389726398,0.8236155568177815,0.821290321998758,0.8246101354579223,0.8247407992785313,S0302,Calm,Positive
0.8009884816663307,0.7977615389726398,0.8236155568177815,0.821290321998758,0.8246101354579223,0.8247407992785313,S0302,Negative,Positive
0.8009884816663307,0.7977615389726398,0.8236155568177815,0.821290321998758,0.8246101354579223,0.8247407992785313,S0302,Negative,Positive
0.8009884816663307,0.7977615389726398,0.8236155568177815,0.821290321998758,0.8246101354579223,0.8247407992785313,S0302,,Positive
0.7918355411821605,0.7849938459126058,0.8161712992146599,0.8148564901224017,0.8090511878669607,0.8146703381104623,S0292,Positive,Neutral
0.7918355411821605,0.7849938459126058,0.8161712992146599,0.8148564901224017,0.8090511878669607,0.8146703381104623,S0292,Positive,Neutral
0.7918355411821605,0.7849938459126058,0.8161712992146599,0.8148564901224017,0.8090511878669607,0.8146703381104623,S0292,Positive,Neutral
0.7918355411821605,0.7849938459126058,0.8161712992146599,0.8148564901224017,0.8090511878669607,0.8146703381104623,S0292,Positive,Neutral
0.7918355411821605,0.7849938459126058,0.8161712992146599,0.8148564901224017,0.8090511878669607,0.8146703381104623,S0292,Negative,Neutral
0.7918355411821605,0.7849938459126058,0.8161712992146599,0.8148564901224017,0.8090511878669607,0.8146703381104623,S0292,Negative,Neutral
0.7918355411821605,0.7849938459126058,0.8161712992146599,0.8148564901224017,0.8090511878669607,0.8146703381104623,S0292,,Neutral
0.7977673187450824,0.8035848008125879,0.8158539095188448,0.8179849991135475,0.8202958742128318,0.8257535578223244,S0311,Positive,Positive
0.7977673187450824,0.8035848008125879,0.8158539095188448,0.8179849991135475,0.8202958742128318,0.8257535578223244,S0311,Positive,Positive
0.7977673187450824,0.8035848008125879,0.8158539095188448,0.8179849991135475,0.8202958742128318,0.8257535578223244,S0311,Negative,Positive
0.7977673187450824,0.8035848008125879,0.8158539095188448,0.8179849991135475,0.8202958742128318,0.8257535578223244,S0311,Positive,Positive
0.7977673187450824,0.8035848008125879,0.8158539095188448,0.8179849991135475,0.8202958742128318,0.8257535578223244,S0311,Positive,Positive
0.7849487210133348,0.7878419518608811,0.8126954885901502,0.8115505461577796,0.8184301906326445,0.8221419168513455,S0321,Negative,
0.7849487210133348,0.7878419518608811,0.8126954885901502,0.8115505461577796,0.8184301906326445,0.8221419168513455,S0321,Positive,
0.7849487210133348,0.7878419518608811,0.8126954885901502,0.8115505461577796,0.8184301906326445,0.8221419168513455,S0321,Positive,
0.7849487210133348,0.7878419518608811,0.8126954885901502,0.8115505461577796,0.8184301906326445,0.8221419168513455,S0321,Positive,
0.7849491741764416,0.783240040857207,0.8081211810117674,0.8177633299798878,0.8121195393374062,0.8124051212475618,S0293,Positive,Negative
0.7849491741764416,0.783240040857207,0.8081211810117674,0.8177633299798878,0.8121195393374062,0.8124051212475618,S0293,Negative,Negative
0.7849491741764416,0.783240040857207,0.8081211810117674,0.8177633299798878,0.8121195393374062,0.8124051212475618,S0293,Negative,Negative
0.7849491741764416,0.783240040857207,0.8081211810117674,0.8177633299798878,0.8121195393374062,0.8124051212475618,S0293,Positive,Negative
0.7849491741764416,0.783240040857207,0.8081211810117674,0.8177633299798878,0.8121195393374062,0.8124051212475618,S0293,Calm,Negative
0.7849491741764416,0.783240040857207,0.8081211810117674,0.8177633299798878,0.8121195393374062,0.8124051212475618,S0293,Negative,Negative
0.7849491741764416,0.783240040857207,0.8081211810117674,0.8177633299798878,0.8121195393374062,0.8124051212475618,S0293,Negative,Negative
0.7963278464520358,0.793738735008483,0.8105869644014664,0.8024986153396044,0.8165756960111953,0.8101152864223287,S0331,Calm,Negative
0.7963278464520358,0.793738735008483,0.8105869644014664,0.8024986153396044,0.8165756960111953,0.8101152864223287,S0331,Calm,Negative
0.7963278464520358,0.793738735008483,0.8105869644014664,0.8024986153396044,0.8165756960111953,0.8101152864223287,S0331,Positive,Negative
0.7963278464520358,0.793738735008483,0.8105869644014664,0.8024986153396044,0.8165756960111953,0.8101152864223287,S0331,Calm,Negative
0.7963278464520358,0.793738735008483,0.8105869644014664,0.8024986153396044,0.8165756960111953,0.8101152864223287,S0331,Calm,Negative
0.7963278464520358,0.793738735008483,0.8105869644014664,0.8024986153396044,0.8165756960111953,0.8101152864223287,S0331,Calm,Negative
0.7977460668702874,0.7969656637439211,0.8230880567439646,0.8250550136556825,0.8268103847389369,0.8295851572497165,S0303,Calm,Neutral
0.7977460668702874,0.7969656637439211,0.8230880567439646,0.8250550136556825,0.8268103847389369,0.8295851572497165,S0303,Calm,Neutral
0.7977460668702874,0.7969656637439211,0.8230880567439646,0.8250550136556825,0.8268103847389369,0.8295851572497165,S0303,,Neutral
0.7977460668702874,0.7969656637439211,0.8230880567439646,0.8250550136556825,0.8268103847389369,0.8295851572497165,S0303,Calm,Neutral
0.7977460668702874,0.7969656637439211,0.8230880567439646,0.8250550136556825,0.8268103847389369,0.8295851572497165,S0303,Calm,Neutral
0.7977460668702874,0.7969656637439211,0.8230880567439646,0.8250550136556825,0.8268103847389369,0.8295851572497165,S0303,Calm,Neutral
0.7977460668702874,0.7969656637439211,0.8230880567439646,0.8250550136556825,0.8268103847389369,0.8295851572497165,S0303,Calm,Neutral
0.796056543722738,0.7948503001224758,0.8213931160888736,0.8111608816201589,0.8169750732645592,0.8099326952804612,S0332,Positive,Neutral
0.796056543722738,0.7948503001224758,0.8213931160888736,0.8111608816201589,0.8169750732645592,0.8099326952804612,S0332,Calm,Neutral
0.796056543722738,0.7948503001224758,0.8213931160888736,0.8111608816201589,0.8169750732645592,0.8099326952804612,S0332,Calm,Neutral
0.796056543722738,0.7948503001224758,0.8213931160888736,0.8111608816201589,0.8169750732645592,0.8099326952804612,S0332,Calm,Neutral
0.796056543722738,0.7948503001224758,0.8213931160888736,0.8111608816201589,0.8169750732645592,0.8099326952804612,S0332,Calm,Neutral
0.796056543722738,0.7948503001224758,0.8213931160888736,0.8111608816201589,0.8169750732645592,0.8099326952804612,S0332,Negative,Neutral
0.796056543722738,0.7948503001224758,0.8213931160888736,0.8111608816201589,0.8169750732645592,0.8099326952804612,S0332,Calm,Neutral
0.796056543722738,0.7948503001224758,0.8213931160888736,0.8111608816201589,0.8169750732645592,0.8099326952804612,S0332,Positive,Neutral
0.796056543722738,0.7948503001224758,0.8213931160888736,0.8111608816201589,0.8169750732645592,0.8099326952804612,S0332,Calm,Neutral
0.7666284390077813,0.76689179326128,0.8105520593183472,0.811358726638705,0.8230119354597908,0.8140207810888254,S0341,,Neutral
0.7666284390077813,0.76689179326128,0.8105520593183472,0.811358726638705,0.8230119354597908,0.8140207810888254,S0341,,Positive
0.7666284390077813,0.76689179326128,0.8105520593183472,0.811358726638705,0.8230119354597908,0.8140207810888254,S0341,Calm,Neutral
0.7666284390077813,0.76689179326128,0.8105520593183472,0.811358726638705,0.8230119354597908,0.8140207810888254,S0341,Calm,Positive
0.7666284390077813,0.76689179326128,0.8105520593183472,0.811358726638705,0.8230119354597908,0.8140207810888254,S0341,Calm,Neutral
0.7666284390077813,0.76689179326128,0.8105520593183472,0.811358726638705,0.8230119354597908,0.8140207810888254,S0341,Calm,Positive
0.7666284390077813,0.76689179326128,0.8105520593183472,0.811358726638705,0.8230119354597908,0.8140207810888254,S0341,Calm,Neutral
0.7666284390077813,0.76689179326128,0.8105520593183472,0.811358726638705,0.8230119354597908,0.8140207810888254,S0341,Calm,Positive
0.7666284390077813,0.76689179326128,0.8105520593183472,0.811358726638705,0.8230119354597908,0.8140207810888254,S0341,Positive,Neutral
0.7666284390077813,0.76689179326128,0.8105520593183472,0.811358726638705,0.8230119354597908,0.8140207810888254,S0341,Positive,Positive
0.8048711890052288,0.7983856133418686,0.8187944178423142,0.8201277296905992,0.8163282530161741,0.8210625092710504,S0351,Calm,Negative
0.8048711890052288,0.7983856133418686,0.8187944178423142,0.8201277296905992,0.8163282530161741,0.8210625092710504,S0351,Positive,Negative
0.8048711890052288,0.7983856133418686,0.8187944178423142,0.8201277296905992,0.8163282530161741,0.8210625092710504,S0351,Calm,Negative
0.8048711890052288,0.7983856133418686,0.8187944178423142,0.8201277296905992,0.8163282530161741,0.8210625092710504,S0351,Positive,Negative
0.8048711890052288,0.7983856133418686,0.8187944178423142,0.8201277296905992,0.8163282530161741,0.8210625092710504,S0351,Negative,Negative
0.8048711890052288,0.7983856133418686,0.8187944178423142,0.8201277296905992,0.8163282530161741,0.8210625092710504,S0351,Positive,Negative
0.8048711890052288,0.7983856133418686,0.8187944178423142,0.8201277296905992,0.8163282530161741,0.8210625092710504,S0351,Calm,Negative
0.7736250307156123,0.7715416759250485,0.8079045110505187,0.8068467767525391,0.8190229411898803,0.8123177954934828,S0342,Calm,Positive
0.7736250307156123,0.7715416759250485,0.8079045110505187,0.8068467767525391,0.8190229411898803,0.8123177954934828,S0342,Calm,Neutral
0.7736250307156123,0.7715416759250485,0.8079045110505187,0.8068467767525391,0.8190229411898803,0.8123177954934828,S0342,Calm,Positive
0.7736250307156123,0.7715416759250485,0.8079045110505187,0.8068467767525391,0.8190229411898803,0.8123177954934828,S0342,Calm,Neutral
0.7736250307156123,0.7715416759250485,0.8079045110505187,0.8068467767525391,0.8190229411898803,0.8123177954934828,S0342,Calm,Positive
0.7736250307156123,0.7715416759250485,0.8079045110505187,0.8068467767525391,0.8190229411898803,0.8123177954934828,S0342,Calm,Neutral
0.7736250307156123,0.7715416759250485,0.8079045110505187,0.8068467767525391,0.8190229411898803,0.8123177954934828,S0342,Positive,Positive
0.7736250307156123,0.7715416759250485,0.8079045110505187,0.8068467767525391,0.8190229411898803,0.8123177954934828,S0342,Positive,Neutral
0.7736250307156123,0.7715416759250485,0.8079045110505187,0.8068467767525391,0.8190229411898803,0.8123177954934828,S0342,Positive,Positive
0.7736250307156123,0.7715416759250485,0.8079045110505187,0.8068467767525391,0.8190229411898803,0.8123177954934828,S0342,Positive,Neutral
0.7736250307156123,0.7715416759250485,0.8079045110505187,0.8068467767525391,0.8190229411898803,0.8123177954934828,S0342,Positive,Positive
0.7736250307156123,0.7715416759250485,0.8079045110505187,0.8068467767525391,0.8190229411898803,0.8123177954934828,S0342,Positive,Neutral
0.7736250307156123,0.7715416759250485,0.8079045110505187,0.8068467767525391,0.8190229411898803,0.8123177954934828,S0342,,Positive
0.7736250307156123,0.7715416759250485,0.8079045110505187,0.8068467767525391,0.8190229411898803,0.8123177954934828,S0342,,Neutral
0.8055681222401954,0.8084361132440023,0.8244910364011909,0.8296483087189553,0.8300787690350279,0.8314357570009623,S0312,Negative,Negative
0.8055681222401954,0.8084361132440023,0.8244910364011909,0.8296483087189553,0.8300787690350279,0.8314357570009623,S0312,Positive,Negative
0.8055681222401954,0.8084361132440023,0.8244910364011909,0.8296483087189553,0.8300787690350279,0.8314357570009623,S0312,Positive,Negative
0.8055681222401954,0.8084361132440023,0.8244910364011909,0.8296483087189553,0.8300787690350279,0.8314357570009623,S0312,Calm,Negative
0.8055681222401954,0.8084361132440023,0.8244910364011909,0.8296483087189553,0.8300787690350279,0.8314357570009623,S0312,Positive,Negative
0.8096525598378536,0.80095204064377,0.8270122734683141,0.8247394813746838,0.8300343081794773,0.8326091055033555,S0371,Calm,Neutral
0.8096525598378536,0.80095204064377,0.8270122734683141,0.8247394813746838,0.8300343081794773,0.8326091055033555,S0371,Positive,Neutral
0.8096525598378536,0.80095204064377,0.8270122734683141,0.8247394813746838,0.8300343081794773,0.8326091055033555,S0371,Calm,Neutral
0.8096525598378536,0.80095204064377,0.8270122734683141,0.8247394813746838,0.8300343081794773,0.8326091055033555,S0371,Negative,Neutral
0.8096525598378536,0.80095204064377,0.8270122734683141,0.8247394813746838,0.8300343081794773,0.8326091055033555,S0371,Calm,Neutral
0.8096525598378536,0.80095204064377,0.8270122734683141,0.8247394813746838,0.8300343081794773,0.8326091055033555,S0371,Positive,Neutral
0.8109094303517184,0.8147465503724172,0.8310860439548114,0.8335563369106284,0.8346431246615563,0.8338925904530163,S0381,Negative,
0.8109094303517184,0.8147465503724172,0.8310860439548114,0.8335563369106284,0.8346431246615563,0.8338925904530163,S0381,Positive,
0.8109094303517184,0.8147465503724172,0.8310860439548114,0.8335563369106284,0.8346431246615563,0.8338925904530163,S0381,Calm,
0.8109094303517184,0.8147465503724172,0.8310860439548114,0.8335563369106284,0.8346431246615563,0.8338925904530163,S0381,Calm,
0.8064384278623002,0.7953258387221613,0.8232578036094444,0.8212147091441531,0.8228054311514292,0.8249644551749502,S0372,Positive,Negative
0.8064384278623002,0.7953258387221613,0.8232578036094444,0.8212147091441531,0.8228054311514292,0.8249644551749502,S0372,Positive,Positive
0.8064384278623002,0.7953258387221613,0.8232578036094444,0.8212147091441531,0.8228054311514292,0.8249644551749502,S0372,Positive,Negative
0.8064384278623002,0.7953258387221613,0.8232578036094444,0.8212147091441531,0.8228054311514292,0.8249644551749502,S0372,Positive,Positive
0.8064384278623002,0.7953258387221613,0.8232578036094444,0.8212147091441531,0.8228054311514292,0.8249644551749502,S0372,Calm,Negative
0.8064384278623002,0.7953258387221613,0.8232578036094444,0.8212147091441531,0.8228054311514292,0.8249644551749502,S0372,Calm,Positive
0.8064384278623002,0.7953258387221613,0.8232578036094444,0.8212147091441531,0.8228054311514292,0.8249644551749502,S0372,Positive,Negative
0.8064384278623002,0.7953258387221613,0.8232578036094444,0.8212147091441531,0.8228054311514292,0.8249644551749502,S0372,Positive,Positive
0.8064384278623002,0.7953258387221613,0.8232578036094444,0.8212147091441531,0.8228054311514292,0.8249644551749502,S0372,Negative,Negative
0.8064384278623002,0.7953258387221613,0.8232578036094444,0.8212147091441531,0.8228054311514292,0.8249644551749502,S0372,Negative,Positive
0.8064384278623002,0.7953258387221613,0.8232578036094444,0.8212147091441531,0.8228054311514292,0.8249644551749502,S0372,Negative,Negative
0.8064384278623002,0.7953258387221613,0.8232578036094444,0.8212147091441531,0.8228054311514292,0.8249644551749502,S0372,Negative,Positive
0.8064384278623002,0.7953258387221613,0.8232578036094444,0.8212147091441531,0.8228054311514292,0.8249644551749502,S0372,Calm,Negative
0.8064384278623002,0.7953258387221613,0.8232578036094444,0.8212147091441531,0.8228054311514292,0.8249644551749502,S0372,Calm,Positive
0.8064384278623002,0.7953258387221613,0.8232578036094444,0.8212147091441531,0.8228054311514292,0.8249644551749502,S0372,Negative,Negative
0.8064384278623002,0.7953258387221613,0.8232578036094444,0.8212147091441531,0.8228054311514292,0.8249644551749502,S0372,Negative,Positive
0.8064384278623002,0.7953258387221613,0.8232578036094444,0.8212147091441531,0.8228054311514292,0.8249644551749502,S0372,Calm,Negative
0.8064384278623002,0.7953258387221613,0.8232578036094444,0.8212147091441531,0.8228054311514292,0.8249644551749502,S0372,Calm,Positive
0.8064384278623002,0.7953258387221613,0.8232578036094444,0.8212147091441531,0.8228054311514292,0.8249644551749502,S0372,Positive,Negative
0.8064384278623002,0.7953258387221613,0.8232578036094444,0.8212147091441531,0.8228054311514292,0.8249644551749502,S0372,Positive,Positive
0.8064384278623002,0.7953258387221613,0.8232578036094444,0.8212147091441531,0.8228054311514292,0.8249644551749502,S0372,Calm,Negative
0.8064384278623002,0.7953258387221613,0.8232578036094444,0.8212147091441531,0.8228054311514292,0.8249644551749502,S0372,Calm,Positive
0.7884229736577744,0.7819440304939118,0.8132645521569885,0.8130895776035594,0.8288859623074121,0.818047527708829,S0343,Calm,Negative
0.7884229736577744,0.7819440304939118,0.8132645521569885,0.8130895776035594,0.8288859623074121,0.818047527708829,S0343,Calm,Negative
0.7884229736577744,0.7819440304939118,0.8132645521569885,0.8130895776035594,0.8288859623074121,0.818047527708829,S0343,Positive,Negative
0.7884229736577744,0.7819440304939118,0.8132645521569885,0.8130895776035594,0.8288859623074121,0.818047527708829,S0343,Positive,Negative
0.7884229736577744,0.7819440304939118,0.8132645521569885,0.8130895776035594,0.8288859623074121,0.818047527708829,S0343,Positive,Negative
0.7800073759628801,0.771848954342539,0.8092875782530113,0.8115065615393979,0.8073150206471642,0.810896497910198,S0362,Calm,Negative
0.7800073759628801,0.771848954342539,0.8092875782530113,0.8115065615393979,0.8073150206471642,0.810896497910198,S0362,Calm,Negative
0.7800073759628801,0.771848954342539,0.8092875782530113,0.8115065615393979,0.8073150206471642,0.810896497910198,S0362,Calm,Negative
0.8055485085718735,0.7984381673494634,0.8234779130559013,0.8176215385460109,0.8233159642084494,0.8223173096857438,S0352,Positive,
0.8055485085718735,0.7984381673494634,0.8234779130559013,0.8176215385460109,0.8233159642084494,0.8223173096857438,S0352,Positive,
0.8055485085718735,0.7984381673494634,0.8234779130559013,0.8176215385460109,0.8233159642084494,0.8223173096857438,S0352,Calm,
0.8055485085718735,0.7984381673494634,0.8234779130559013,0.8176215385460109,0.8233159642084494,0.8223173096857438,S0352,Negative,
0.8055485085718735,0.7984381673494634,0.8234779130559013,0.8176215385460109,0.8233159642084494,0.8223173096857438,S0352,Calm,
0.8055485085718735,0.7984381673494634,0.8234779130559013,0.8176215385460109,0.8233159642084494,0.8223173096857438,S0352,Calm,
0.8055485085718735,0.7984381673494634,0.8234779130559013,0.8176215385460109,0.8233159642084494,0.8223173096857438,S0352,Calm,
0.8055485085718735,0.7984381673494634,0.8234779130559013,0.8176215385460109,0.8233159642084494,0.8223173096857438,S0352,Calm,
0.8055485085718735,0.7984381673494634,0.8234779130559013,0.8176215385460109,0.8233159642084494,0.8223173096857438,S0352,Calm,
0.8012659129726548,0.7925627856885437,0.8227462088702624,0.8203218491724513,0.8172440106669875,0.8210348608825624,S0382,Positive,Negative
0.8012659129726548,0.7925627856885437,0.8227462088702624,0.8203218491724513,0.8172440106669875,0.8210348608825624,S0382,Positive,Positive
0.8012659129726548,0.7925627856885437,0.8227462088702624,0.8203218491724513,0.8172440106669875,0.8210348608825624,S0382,Positive,Negative
0.8012659129726548,0.7925627856885437,0.8227462088702624,0.8203218491724513,0.8172440106669875,0.8210348608825624,S0382,Positive,Positive
0.8012659129726548,0.7925627856885437,0.8227462088702624,0.8203218491724513,0.8172440106669875,0.8210348608825624,S0382,Positive,Negative
0.8012659129726548,0.7925627856885437,0.8227462088702624,0.8203218491724513,0.8172440106669875,0.8210348608825624,S0382,Positive,Positive
0.8012659129726548,0.7925627856885437,0.8227462088702624,0.8203218491724513,0.8172440106669875,0.8210348608825624,S0382,Calm,Negative
0.8012659129726548,0.7925627856885437,0.8227462088702624,0.8203218491724513,0.8172440106669875,0.8210348608825624,S0382,Calm,Positive
0.8012659129726548,0.7925627856885437,0.8227462088702624,0.8203218491724513,0.8172440106669875,0.8210348608825624,S0382,Calm,Negative
0.8012659129726548,0.7925627856885437,0.8227462088702624,0.8203218491724513,0.8172440106669875,0.8210348608825624,S0382,Calm,Positive
0.7969284164241475,0.7961033692231184,0.8154991798099887,0.8161513361234656,0.8180617783461505,0.8199594290279831,S0353,Positive,Neutral
0.7969284164241475,0.7961033692231184,0.8154991798099887,0.8161513361234656,0.8180617783461505,0.8199594290279831,S0353,Positive,Neutral
0.7969284164241475,0.7961033692231184,0.8154991798099887,0.8161513361234656,0.8180617783461505,0.8199594290279831,S0353,Positive,Neutral
0.7798917734621663,0.7721210722264761,0.8123686837607298,0.8005232215788504,0.8195561961746061,0.8101268394271437,S0363,Negative,
0.7798917734621663,0.7721210722264761,0.8123686837607298,0.8005232215788504,0.8195561961746061,0.8101268394271437,S0363,Calm,
0.7958849620496324,0.7944660291876036,0.813923131896832,0.8162921908060993,0.8171609113816702,0.825110580499208,S0391,Negative,Positive
0.7958849620496324,0.7944660291876036,0.813923131896832,0.8162921908060993,0.8171609113816702,0.825110580499208,S0391,Calm,Positive
0.7958849620496324,0.7944660291876036,0.813923131896832,0.8162921908060993,0.8171609113816702,0.825110580499208,S0391,Positive,Positive
0.7958849620496324,0.7944660291876036,0.813923131896832,0.8162921908060993,0.8171609113816702,0.825110580499208,S0391,Calm,Positive
0.7958849620496324,0.7944660291876036,0.813923131896832,0.8162921908060993,0.8171609113816702,0.825110580499208,S0391,Negative,Positive
0.7958849620496324,0.7944660291876036,0.813923131896832,0.8162921908060993,0.8171609113816702,0.825110580499208,S0391,Positive,Positive
0.7958849620496324,0.7944660291876036,0.813923131896832,0.8162921908060993,0.8171609113816702,0.825110580499208,S0391,Negative,Positive
0.7958849620496324,0.7944660291876036,0.813923131896832,0.8162921908060993,0.8171609113816702,0.825110580499208,S0391,Negative,Positive
0.7958849620496324,0.7944660291876036,0.813923131896832,0.8162921908060993,0.8171609113816702,0.825110580499208,S0391,Negative,Positive
0.7958849620496324,0.7944660291876036,0.813923131896832,0.8162921908060993,0.8171609113816702,0.825110580499208,S0391,Calm,Positive
0.7958849620496324,0.7944660291876036,0.813923131896832,0.8162921908060993,0.8171609113816702,0.825110580499208,S0391,Positive,Positive
0.7915456626887614,0.7888608429898595,0.8054180714817014,0.8030364283477737,0.8141050470741423,0.8175457610925091,S0401,Calm,Negative
0.7915456626887614,0.7888608429898595,0.8054180714817014,0.8030364283477737,0.8141050470741423,0.8175457610925091,S0401,Calm,Negative
0.7915456626887614,0.7888608429898595,0.8054180714817014,0.8030364283477737,0.8141050470741423,0.8175457610925091,S0401,Calm,Negative
0.7915456626887614,0.7888608429898595,0.8054180714817014,0.8030364283477737,0.8141050470741423,0.8175457610925091,S0401,Positive,Negative
0.7937943197258203,0.7923927395488073,0.8176021441626868,0.8232240159736808,0.8246552104468247,0.8324598254311283,S0402,Calm,Positive
0.7937943197258203,0.7923927395488073,0.8176021441626868,0.8232240159736808,0.8246552104468247,0.8324598254311283,S0402,Calm,Positive
0.7937943197258203,0.7923927395488073,0.8176021441626868,0.8232240159736808,0.8246552104468247,0.8324598254311283,S0402,Calm,Positive
0.7937943197258203,0.7923927395488073,0.8176021441626868,0.8232240159736808,0.8246552104468247,0.8324598254311283,S0402,Calm,Positive
0.8052373396765986,0.7982762332239,0.8282515864016198,0.82249127601313,0.8289200590099218,0.825074806195741,S0373,Positive,
0.8052373396765986,0.7982762332239,0.8282515864016198,0.82249127601313,0.8289200590099218,0.825074806195741,S0373,Positive,
0.8052373396765986,0.7982762332239,0.8282515864016198,0.82249127601313,0.8289200590099218,0.825074806195741,S0373,Calm,
0.8052373396765986,0.7982762332239,0.8282515864016198,0.82249127601313,0.8289200590099218,0.825074806195741,S0373,Calm,
0.8108765931607538,0.805536722796859,0.8275851154300671,0.8288510399013201,0.8282167665784814,0.8242820683360995,S0392,Calm,Negative
0.8108765931607538,0.805536722796859,0.8275851154300671,0.8288510399013201,0.8282167665784814,0.8242820683360995,S0392,Calm,Negative
0.8108765931607538,0.805536722796859,0.8275851154300671,0.8288510399013201,0.8282167665784814,0.8242820683360995,S0392,Negative,Negative
0.8108765931607538,0.805536722796859,0.8275851154300671,0.8288510399013201,0.8282167665784814,0.8242820683360995,S0392,Negative,Negative
0.8108765931607538,0.805536722796859,0.8275851154300671,0.8288510399013201,0.8282167665784814,0.8242820683360995,S0392,Positive,Negative
0.8108765931607538,0.805536722796859,0.8275851154300671,0.8288510399013201,0.8282167665784814,0.8242820683360995,S0392,Positive,Negative
0.8108765931607538,0.805536722796859,0.8275851154300671,0.8288510399013201,0.8282167665784814,0.8242820683360995,S0392,Positive,Negative
0.8108765931607538,0.805536722796859,0.8275851154300671,0.8288510399013201,0.8282167665784814,0.8242820683360995,S0392,Positive,Negative
0.8108765931607538,0.805536722796859,0.8275851154300671,0.8288510399013201,0.8282167665784814,0.8242820683360995,S0392,Positive,Negative
0.8108765931607538,0.805536722796859,0.8275851154300671,0.8288510399013201,0.8282167665784814,0.8242820683360995,S0392,Positive,Negative
0.8108765931607538,0.805536722796859,0.8275851154300671,0.8288510399013201,0.8282167665784814,0.8242820683360995,S0392,Positive,Negative
0.8108765931607538,0.805536722796859,0.8275851154300671,0.8288510399013201,0.8282167665784814,0.8242820683360995,S0392,Positive,Negative
0.8108765931607538,0.805536722796859,0.8275851154300671,0.8288510399013201,0.8282167665784814,0.8242820683360995,S0392,Calm,Negative
0.8108765931607538,0.805536722796859,0.8275851154300671,0.8288510399013201,0.8282167665784814,0.8242820683360995,S0392,Calm,Negative
0.8108765931607538,0.805536722796859,0.8275851154300671,0.8288510399013201,0.8282167665784814,0.8242820683360995,S0392,Positive,Negative
0.8108765931607538,0.805536722796859,0.8275851154300671,0.8288510399013201,0.8282167665784814,0.8242820683360995,S0392,Positive,Negative
0.8108765931607538,0.805536722796859,0.8275851154300671,0.8288510399013201,0.8282167665784814,0.8242820683360995,S0392,Negative,Negative
0.8108765931607538,0.805536722796859,0.8275851154300671,0.8288510399013201,0.8282167665784814,0.8242820683360995,S0392,Negative,Negative
0.8108765931607538,0.805536722796859,0.8275851154300671,0.8288510399013201,0.8282167665784814,0.8242820683360995,S0392,Positive,Negative
0.8108765931607538,0.805536722796859,0.8275851154300671,0.8288510399013201,0.8282167665784814,0.8242820683360995,S0392,Positive,Negative
0.8108765931607538,0.805536722796859,0.8275851154300671,0.8288510399013201,0.8282167665784814,0.8242820683360995,S0392,Negative,Negative
0.8108765931607538,0.805536722796859,0.8275851154300671,0.8288510399013201,0.8282167665784814,0.8242820683360995,S0392,Negative,Negative
0.8108765931607538,0.805536722796859,0.8275851154300671,0.8288510399013201,0.8282167665784814,0.8242820683360995,S0392,Negative,Negative
0.8108765931607538,0.805536722796859,0.8275851154300671,0.8288510399013201,0.8282167665784814,0.8242820683360995,S0392,Negative,Negative
0.8108765931607538,0.805536722796859,0.8275851154300671,0.8288510399013201,0.8282167665784814,0.8242820683360995,S0392,Negative,Negative
0.8108765931607538,0.805536722796859,0.8275851154300671,0.8288510399013201,0.8282167665784814,0.8242820683360995,S0392,Negative,Negative
0.8108765931607538,0.805536722796859,0.8275851154300671,0.8288510399013201,0.8282167665784814,0.8242820683360995,S0392,Positive,Negative
0.8108765931607538,0.805536722796859,0.8275851154300671,0.8288510399013201,0.8282167665784814,0.8242820683360995,S0392,Positive,Negative
0.8108765931607538,0.805536722796859,0.8275851154300671,0.8288510399013201,0.8282167665784814,0.8242820683360995,S0392,Positive,Negative
0.8108765931607538,0.805536722796859,0.8275851154300671,0.8288510399013201,0.8282167665784814,0.8242820683360995,S0392,Positive,Negative
0.7912292906599347,0.7918094969927938,0.822040626998371,0.8306889044405464,0.8256481913681359,0.834430464295733,S0403,Calm,Neutral
0.7912292906599347,0.7918094969927938,0.822040626998371,0.8306889044405464,0.8256481913681359,0.834430464295733,S0403,Calm,Neutral
0.7912292906599347,0.7918094969927938,0.822040626998371,0.8306889044405464,0.8256481913681359,0.834430464295733,S0403,Negative,Neutral
0.7956968882444999,0.7907159850679322,0.8175614538160066,0.816024954948896,0.8182568180078064,0.8247218047109443,S0422,Negative,Neutral
0.7956968882444999,0.7907159850679322,0.8175614538160066,0.816024954948896,0.8182568180078064,0.8247218047109443,S0422,Calm,Neutral
0.7956968882444999,0.7907159850679322,0.8175614538160066,0.816024954948896,0.8182568180078064,0.8247218047109443,S0422,Negative,Neutral
0.7956968882444999,0.7907159850679322,0.8175614538160066,0.816024954948896,0.8182568180078064,0.8247218047109443,S0422,Negative,Neutral
0.7956968882444999,0.7907159850679322,0.8175614538160066,0.816024954948896,0.8182568180078064,0.8247218047109443,S0422,Calm,Neutral
0.7956968882444999,0.7907159850679322,0.8175614538160066,0.816024954948896,0.8182568180078064,0.8247218047109443,S0422,Negative,Neutral
0.806984818433915,0.8006272568489299,0.819117684455573,0.8207362148658449,0.830030951879805,0.8205442819176572,S0393,Calm,Positive
0.806984818433915,0.8006272568489299,0.819117684455573,0.8207362148658449,0.830030951879805,0.8205442819176572,S0393,Calm,Neutral
0.806984818433915,0.8006272568489299,0.819117684455573,0.8207362148658449,0.830030951879805,0.8205442819176572,S0393,Negative,Positive
0.806984818433915,0.8006272568489299,0.819117684455573,0.8207362148658449,0.830030951879805,0.8205442819176572,S0393,Negative,Neutral
0.806984818433915,0.8006272568489299,0.819117684455573,0.8207362148658449,0.830030951879805,0.8205442819176572,S0393,Calm,Positive
0.806984818433915,0.8006272568489299,0.819117684455573,0.8207362148658449,0.830030951879805,0.8205442819176572,S0393,Calm,Neutral
0.806984818433915,0.8006272568489299,0.819117684455573,0.8207362148658449,0.830030951879805,0.8205442819176572,S0393,Negative,Positive
0.806984818433915,0.8006272568489299,0.819117684455573,0.8207362148658449,0.830030951879805,0.8205442819176572,S0393,Negative,Neutral
0.806984818433915,0.8006272568489299,0.819117684455573,0.8207362148658449,0.830030951879805,0.8205442819176572,S0393,Calm,Positive
0.806984818433915,0.8006272568489299,0.819117684455573,0.8207362148658449,0.830030951879805,0.8205442819176572,S0393,Calm,Neutral
0.806984818433915,0.8006272568489299,0.819117684455573,0.8207362148658449,0.830030951879805,0.8205442819176572,S0393,Negative,Positive
0.806984818433915,0.8006272568489299,0.819117684455573,0.8207362148658449,0.830030951879805,0.8205442819176572,S0393,Negative,Neutral
0.806984818433915,0.8006272568489299,0.819117684455573,0.8207362148658449,0.830030951879805,0.8205442819176572,S0393,,Positive
0.806984818433915,0.8006272568489299,0.819117684455573,0.8207362148658449,0.830030951879805,0.8205442819176572,S0393,,Neutral
0.806984818433915,0.8006272568489299,0.819117684455573,0.8207362148658449,0.830030951879805,0.8205442819176572,S0393,Negative,Positive
0.806984818433915,0.8006272568489299,0.819117684455573,0.8207362148658449,0.830030951879805,0.8205442819176572,S0393,Negative,Neutral
0.806984818433915,0.8006272568489299,0.819117684455573,0.8207362148658449,0.830030951879805,0.8205442819176572,S0393,Positive,Positive
0.806984818433915,0.8006272568489299,0.819117684455573,0.8207362148658449,0.830030951879805,0.8205442819176572,S0393,Positive,Neutral
0.806984818433915,0.8006272568489299,0.819117684455573,0.8207362148658449,0.830030951879805,0.8205442819176572,S0393,Negative,Positive
0.806984818433915,0.8006272568489299,0.819117684455573,0.8207362148658449,0.830030951879805,0.8205442819176572,S0393,Negative,Neutral
0.806984818433915,0.8006272568489299,0.819117684455573,0.8207362148658449,0.830030951879805,0.8205442819176572,S0393,Positive,Positive
0.806984818433915,0.8006272568489299,0.819117684455573,0.8207362148658449,0.830030951879805,0.8205442819176572,S0393,Positive,Neutral
0.765422287442024,0.7633017877577539,0.8063156897610577,0.8075220992400752,0.816477885687248,0.8080516423344407,S0423,Negative,Negative
0.765422287442024,0.7633017877577539,0.8063156897610577,0.8075220992400752,0.816477885687248,0.8080516423344407,S0423,Calm,Negative
0.765422287442024,0.7633017877577539,0.8063156897610577,0.8075220992400752,0.816477885687248,0.8080516423344407,S0423,Positive,Negative
0.765422287442024,0.7633017877577539,0.8063156897610577,0.8075220992400752,0.816477885687248,0.8080516423344407,S0423,Positive,Negative
0.765422287442024,0.7633017877577539,0.8063156897610577,0.8075220992400752,0.816477885687248,0.8080516423344407,S0423,Negative,Negative
0.765422287442024,0.7633017877577539,0.8063156897610577,0.8075220992400752,0.816477885687248,0.8080516423344407,S0423,Calm,Negative
0.765422287442024,0.7633017877577539,0.8063156897610577,0.8075220992400752,0.816477885687248,0.8080516423344407,S0423,Calm,Negative
